"Name","Instance ID","Role","Status"
"alertmanager-001","i-0bca3a2f7d15b0810","alertmanager","running"
"alertmanager-002","i-0073530e9a59ed98c","alertmanager","running"
"app-401","i-0de044647d8447d5f","app","running"
"app-410","i-0292302a57d842ca5","app","stopped"
"app-411","i-08548c04816d2451e","app","stopped"
"app-412","i-013173389ea671fda","app","stopped"
"app-413","i-00b859fa9f9af9f7e","app","stopped"
"app-414","i-0299a3a9f46a28c44","app","stopped"
"app-415","i-0c6a57803f5e1d987","app","stopped"
"app-416","i-0bc874aec401a410c","app","stopped"
"app-417","i-08ad29aeef601ce01","app","stopped"
"app-i-00bb01abc391ccd77","i-00bb01abc391ccd77","app","running"
"app-i-01077bde7c174bb1c","i-01077bde7c174bb1c","app","running"
"app-i-019f493d879a4f474","i-019f493d879a4f474","app","running"
"app-i-02955212f4edeabd0","i-02955212f4edeabd0","app","running"
"app-i-02fa403ddf403ceda","i-02fa403ddf403ceda","app","running"
"app-i-045c653fd310aef06","i-045c653fd310aef06","app","running"
"app-i-050dd1cf28b30f2da","i-050dd1cf28b30f2da","app","running"
"app-i-05fe3fe043f2ece1b","i-05fe3fe043f2ece1b","app","terminated"
"app-i-0752d3eb5bedaf4e0","i-0752d3eb5bedaf4e0","app","running"
"app-i-091e5c123891c52b8","i-091e5c123891c52b8","app","running"
"app-i-09f352c8736b51131","i-09f352c8736b51131","app","running"
"app-i-0a0c68f9a66f2e668","i-0a0c68f9a66f2e668","app","running"
"app-i-0c82f9192a1308d26","i-0c82f9192a1308d26","app","running"
"app-i-0cf55f9f57774b7aa","i-0cf55f9f57774b7aa","app","running"
"app-i-0e7fd961d318dba78","i-0e7fd961d318dba78","app","running"
"app-i-0ebb2be6df69b82a6","i-0ebb2be6df69b82a6","app","running"
"app-mobile-production-test-101","i-0d960043270e1be23","app-mobile-production-test,app-mobile","running"
"app-pantry-i-00aab713a758e8009","i-00aab713a758e8009","app-pantry","running"
"app-pantry-i-00d101598ecb7fe7c","i-00d101598ecb7fe7c","app-pantry","running"
"app-pantry-i-01a9df50251344775","i-01a9df50251344775","app-pantry","running"
"app-pantry-i-01e3a81388d9caf59","i-01e3a81388d9caf59","app-pantry","running"
"app-pantry-i-029c4a46761043d75","i-029c4a46761043d75","app-pantry","running"
"app-pantry-i-03f142548c08a64ba","i-03f142548c08a64ba","app-pantry","running"
"app-pantry-i-04afd87c596628aea","i-04afd87c596628aea","app-pantry","running"
"app-pantry-i-050fa0215534fca4e","i-050fa0215534fca4e","app-pantry","running"
"app-pantry-i-0511be85d54459bb9","i-0511be85d54459bb9","app-pantry","running"
"app-pantry-i-05d6ce3a2351875e4","i-05d6ce3a2351875e4","app-pantry","running"
"app-pantry-i-08a1c629a05df4a51","i-08a1c629a05df4a51","app-pantry","running"
"app-pantry-i-0a4d68803ba0fc110","i-0a4d68803ba0fc110","app-pantry","running"
"app-pantry-i-0a5bace67ae7552ed","i-0a5bace67ae7552ed","app-pantry","running"
"app-pantry-i-0bc5c2c29de23f35c","i-0bc5c2c29de23f35c","app-pantry","running"
"app-pantry-i-0c228eb70acbc3c6d","i-0c228eb70acbc3c6d","app-pantry","running"
"app-pantry-i-0e0149cb63c81a041","i-0e0149cb63c81a041","app-pantry","running"
"app-pantry-i-0ee56d60ddadc9f7b","i-0ee56d60ddadc9f7b","app-pantry","running"
"app-pantry-i-0f5fbef429d5b618a","i-0f5fbef429d5b618a","app-pantry","running"
"app-pantry-staging-002","i-023a9561fd7597b55","app-pantry-staging","running"
"app-papa-101","i-0add337a2f8b2ff69","app-papa","running"
"app-papa-102","i-0b1f9c83e6a8f309b","app-papa","running"
"app-screening-devel-001","i-6911686e","ozen-app","stopped"
"app-survey-101","i-6856729b","app-survey","running"
"app-sweets-devel-001","i-2b110429","ozen-app","stopped"
"app-toaster-devel-001","i-fed374fb","ozen-app","stopped"
"app-xenial-000","i-1dde2483","app","running"
"bargain-db-proxy-001","i-0b787db79ece658fd","bargain-db-proxy","stopped"
"bargain-db-proxy-002","i-0cf8c630a9a5e25f1","bargain-db-proxy","stopped"
"db-ad-201","i-0ffc4ad1847b60230","db-ad","running"
"db-ad-202","i-026fccdeb17e3961c","db-ad","running"
"db-album-staging-001","i-4e3357d1","db-album-staging","running"
"db-daizoo-devel-001","i-d92759df","ozen-db","stopped"
"db-device-guest-101","i-e71550fe","db-device-guest,query-digest","stopped"
"db-device-guest-102","i-4d0a4f54","db-device-guest","stopped"
"db-device-guest-201","i-06cdcb07f020e8a5e","db-device-guest","running"
"db-device-guest-202","i-061edec0c39b3a39c","db-device-guest","running"
"db-device-guest-free-001","i-7241a8ec","db-device-guest","stopped"
"db-device-guest-free-201","i-0b3bdcbe40940135d","db-device-guest","running"
"db-doorkeeper-301","i-036e2606500a496cb","db-doorkeeper","running"
"db-doorkeeper-302","i-04e1a0c2f5dc6e26f","db-doorkeeper","running"
"db-doorkeeper-401","i-0ad0509791547b102","db-doorkeeper","running"
"db-doorkeeper-402","i-0017f71976d044913","db-doorkeeper","running"
"db-doorkeeper-slave-301","i-0ea384516667c3358","db-doorkeeper-slave","running"
"db-doorkeeper-slave-401","i-01fe1fb07a642295d","db-doorkeeper-slave","running"
"db-hakari-001","i-31786332","db-hakari","stopped"
"db-hakari-work-001","i-06a6340873b17787d","db-hakari","stopped"
"db-induction-course-001","i-6f2da59a","","stopped"
"db-main-master-202","i-ebbd3f49","db-main-master","running"
"db-main-master-203","i-0236b44d77d502506","db-main-master","running"
"db-main-slave-201","i-0ad26180f43f79dda","db-main-slave","running"
"db-main-slave-202","i-0dfd8623e2ad6cad1","db-main-slave","running"
"db-main-slave-203","i-0e30ffd53c3a1216a","db-main-slave","running"
"db-main-slave-204","i-013de94d9da0036b0","db-main-slave","running"
"db-main-slave-cluster-201","i-092da33d666205f1d","db-main-slave-cluster","running"
"db-main-slave-cluster-202","i-08641ea9664b1cefb","db-main-slave-cluster","running"
"db-main-slave-free-001","i-378a8295","db-main-slave-free","running"
"db-main-slave-mysql56-utf8mb4-000","i-a75fd355","db-main-slave-backup","running"
"db-mfr-000","i-eebb221c","db-mfr-backup","running"
"db-mfr-201","i-0c38fca451df90a26","db-mfr","stopped"
"db-mfr-202","i-0aad7f9ecc8be82a3","db-mfr","running"
"db-mfr-203","i-0ca5610e5b5e305b9","db-mfr","running"
"db-mfr-204","i-04605402ca94e700e","db-mfr","running"
"db-mfr-205","i-09bd9d767f5a3eaf3","db-mfr","running"
"db-mfr-206","i-057a33403376d3bdd","db-mfr","running"
"db-mfr-401","i-0a52fe459f86e773c","db-mfr","running"
"db-mfr-402","i-0e02f56f7ec82b09e","db-mfr","running"
"db-mfr-403","i-053f08375e4c566f9","db-mfr","running"
"db-mfr-404","i-09a2828880cf817a9","db-mfr","running"
"db-mfr-405","i-0cadc12f5891fa0d9","db-mfr","running"
"db-mfr-slave-001","i-3877949d","db-mfr-slave","stopped"
"db-mfr-slave-101","i-072e75cfa5bdfcb31","db-mfr-slave","running"
"db-mfr-slave-analysis-000","i-aac9a958","db-mfr-backup","running"
"db-mfr-slave-analysis-201","i-0d63710d716d954fd","db-mfr-slave-analysis","running"
"db-mfr-slave-analysis-202","i-0eb1ebb16b7814bc1","db-mfr-slave-analysis","running"
"db-misc-101","i-0ee092568d8a4f33b","db-misc","running"
"db-misc-102","i-006563ac291de8fb4","db-misc","running"
"db-misc-master-003","i-0ed05781","db-misc","stopped"
"db-misc-master-004","i-ca388e55","db-misc","stopped"
"db-misc-master-005","i-24686fab","db-misc","stopped"
"db-multi-backup-101","i-0cdebefd526a95851","db-multi-backup","running"
"db-multi-slave-rbr-converter-mysql55-001","i-0c4180fe","db-multi-slave-rbr-converter-mysql55","stopped"
"db-notification-102","i-b87311a1","db-notification","stopped"
"db-notification-103","i-23e026ac","db-notification","stopped"
"db-notification-201","i-057ea4ce576abb07e","db-notification","running"
"db-notification-202","i-0271b6f1372988c3c","db-notification","running"
"db-notification-dummy-001","i-fb668a09","db-notification","stopped"
"db-papa-keyword-101","i-02a1a93563a72bd15","db-papa-keyword","running"
"db-payment-101","i-0b1480effd9b13c51","db-payment","running"
"db-payment-102","i-03e4ffdefed03478a","db-payment","running"
"db-payment-slave-101","i-08f83d1155965fdad","db-payment","running"
"db-push-notification-102","i-0a0838968e32e4e75","db-push-notification","running"
"db-push-notification-103","i-0efdecd1c10555a52","db-push-notification","running"
"db-push-notification-kuroko-201","i-0501c747998a2f7cc","db-push-notification","running"
"db-push-notification-mauser-001","i-0288751dd5fdf35de","db-push-notification","running"
"db-screening-devel-001","i-9a63f49d","ozen-db","stopped"
"db-suggest-101","i-04157efe80951cf50","db-suggest","running"
"db-suggest-102","i-0f9186afceebd1269","db-suggest","running"
"db-suggest-master-002","i-63585f63","db-suggest-master","stopped"
"db-suggest-master-003","i-f0f9b67f","db-suggest-master","stopped"
"db-summary-master-mysql56-001","i-72b66780","db-summary-master","running"
"db-summary-master-mysql56-003","i-0ee5d8a3e00e1ee10","db-summary-master","running"
"db-summary-slave-mysql56-000","i-76836784","db-summary-slave-backup","running"
"db-summary-slave-mysql56-cluster-001","i-7cfe198e","db-summary-slave-cluster","running"
"db-summary-slave-mysql56-cluster-002","i-e3cc4716","db-summary-slave-cluster","running"
"db-summary-slave-mysql56-free-001","i-0f386a4ab830a9d67","db-summary-slave-free","running"
"db-summary-slave-mysql56-partition-001","i-422933b1","db-summary-slave","running"
"db-summary-slave-mysql56-partition-002","i-317cf5c4","db-summary-slave","running"
"db-sweets-devel-001","i-60fff865","ozen-db","stopped"
"db-switcher-001","i-06997669be8086441","base","stopped"
"deepsecurity-201","i-0f5f5026d2c7dbd89","","running"
"dev-kaorimatz-001","i-004a0ccf034b3ab3e","base","running"
"dev-kaorimatz-002","i-0392787fec28fdea3","base","running"
"dev-naruta-001","i-19ec31bc","dev-naruta","stopped"
"dev-oishi-001","i-08cfd6105940eaff2","base","running"
"dev-sorah-101","i-25bf23aa","base","stopped"
"dev-sorah-debuild-001","i-17741e98","debuild","stopped"
"dev-sorah-gatling-001","i-0eb327fb","gatling","stopped"
"dev-sorah-rtmdev-101","i-910d8663","base","stopped"
"dev-sorah-rtmdev-201","i-230e85d1","base","stopped"
"dev-sorah-tmp-001","i-adf4f232","dev-sorah-tmp","stopped"
"dev-sorah-tmp-002","i-db818744","dev-sorah-tmp","stopped"
"dev-sorah-tmp-003","i-4c8c8ad3","dev-sorah-tmp","stopped"
"dev-sorah-xenial-002","i-5895e9d7","base","stopped"
"dev-sorah-xenial-002","i-3d176eb2","","stopped"
"dev-soraher-001","i-b9851a4c","base","stopped"
"ecs-aws-000","i-0c875d602be80082a","ecs","running"
"ecs-aws-g2-000","i-04ecdd1d8aaffb2b8","ecs","stopped"
"ecs-hako-dwh-app-i-0864c95ae767d3228","i-0864c95ae767d3228","ecs","running"
"ecs-hako-dwh-app-i-090300a1f285f2bd8","i-090300a1f285f2bd8","ecs","running"
"ecs-hako-dwh-batch-i-037c3c6bb37ea49b4","i-037c3c6bb37ea49b4","ecs","running"
"ecs-hako-dwh-batch-i-07fb2c7a5cec05806","i-07fb2c7a5cec05806","ecs","running"
"ecs-hako-dwh-batch-i-098e940eb3714c9d0","i-098e940eb3714c9d0","ecs","running"
"ecs-hako-infra-tools-i-008783f9d67674952","i-008783f9d67674952","ecs","running"
"ecs-hako-infra-tools-i-056b98811ddcca87b","i-056b98811ddcca87b","ecs","running"
"ecs-hako-infra-tools-i-07510b05e62de14e9","i-07510b05e62de14e9","ecs","running"
"ecs-hako-infra-tools-i-0c9208647f0e7756a","i-0c9208647f0e7756a","ecs","running"
"ecs-hako-infra-tools-i-0d783143671dfe414","i-0d783143671dfe414","ecs","running"
"ecs-hako-internal-g2-i-0259cae152aeb13a4","i-0259cae152aeb13a4","ecs","running"
"ecs-hako-internal-g2-i-0c9ebf907299ef62f","i-0c9ebf907299ef62f","ecs","stopped"
"ecs-hako-internal-i-00de779fbe1e06c48","i-00de779fbe1e06c48","ecs","running"
"ecs-hako-internal-i-025043569b9fe896d","i-025043569b9fe896d","ecs","running"
"ecs-hako-internal-i-03559eb5ddd6d2452","i-03559eb5ddd6d2452","ecs","running"
"ecs-hako-internal-i-03c0a3b783ce32e41","i-03c0a3b783ce32e41","ecs","running"
"ecs-hako-internal-i-03d951dd5cadd11f7","i-03d951dd5cadd11f7","ecs","running"
"ecs-hako-internal-i-04f02757a2b8fc0ee","i-04f02757a2b8fc0ee","ecs","running"
"ecs-hako-internal-i-05ea2282d80e39498","i-05ea2282d80e39498","ecs","running"
"ecs-hako-internal-i-068989854db3e9323","i-068989854db3e9323","ecs","running"
"ecs-hako-internal-i-071c21cfa4cc269bb","i-071c21cfa4cc269bb","ecs","running"
"ecs-hako-internal-i-077867a7aa3bb3e0a","i-077867a7aa3bb3e0a","ecs","running"
"ecs-hako-internal-i-07b6100c424715294","i-07b6100c424715294","ecs","running"
"ecs-hako-internal-i-081ea0f4b2141ed46","i-081ea0f4b2141ed46","ecs","running"
"ecs-hako-internal-i-082375df15369b061","i-082375df15369b061","ecs","running"
"ecs-hako-internal-i-08698d974f464967b","i-08698d974f464967b","ecs","running"
"ecs-hako-internal-i-087033fd244bdf0fa","i-087033fd244bdf0fa","ecs","running"
"ecs-hako-internal-i-0880dcf5b3b5c72cd","i-0880dcf5b3b5c72cd","ecs","running"
"ecs-hako-internal-i-08e0e3ed8be61872d","i-08e0e3ed8be61872d","ecs","running"
"ecs-hako-internal-i-08e990867c082e9d6","i-08e990867c082e9d6","ecs","running"
"ecs-hako-internal-i-0948ed7e41e4ba46f","i-0948ed7e41e4ba46f","ecs","running"
"ecs-hako-internal-i-094a6a300aaa760ca","i-094a6a300aaa760ca","ecs","running"
"ecs-hako-internal-i-09700ea291b025550","i-09700ea291b025550","ecs","running"
"ecs-hako-internal-i-09808141ac55189f9","i-09808141ac55189f9","ecs","running"
"ecs-hako-internal-i-098c5b35b8e580639","i-098c5b35b8e580639","ecs","running"
"ecs-hako-internal-i-09af7218b8f0bb80d","i-09af7218b8f0bb80d","ecs","running"
"ecs-hako-internal-i-0a88360d944af221a","i-0a88360d944af221a","ecs","running"
"ecs-hako-internal-i-0b4509e590426918b","i-0b4509e590426918b","ecs","running"
"ecs-hako-internal-i-0b9f596f4c6f31d65","i-0b9f596f4c6f31d65","ecs","running"
"ecs-hako-internal-i-0bcf5a3ce814e595e","i-0bcf5a3ce814e595e","ecs","running"
"ecs-hako-internal-i-0cf11fb0129a7a3ae","i-0cf11fb0129a7a3ae","ecs","running"
"ecs-hako-internal-i-0d696d31e53b4ed2b","i-0d696d31e53b4ed2b","ecs","running"
"ecs-hako-internal-i-0dc28ce5f9fe966bf","i-0dc28ce5f9fe966bf","ecs","running"
"ecs-hako-internal-i-0e66ededf8246aef1","i-0e66ededf8246aef1","ecs","running"
"ecs-hako-internal-i-0f3a51e03bcf146af","i-0f3a51e03bcf146af","ecs","running"
"ecs-hako-internal-i-0f83a6dd99fd27de8","i-0f83a6dd99fd27de8","ecs","running"
"ecs-hako-load-testing-i-0c106a906732ac8e1","i-0c106a906732ac8e1","ecs","running"
"ecs-hako-mobile-pusher-i-019efbd14818eeb71","i-019efbd14818eeb71","ecs","running"
"ecs-hako-mobile-pusher-i-05e69419f150f5081","i-05e69419f150f5081","ecs","running"
"ecs-hako-mobile-pusher-i-083ed29b7045b999d","i-083ed29b7045b999d","ecs","running"
"ecs-hako-mobile-pusher-i-0a1cd5d348a38d281","i-0a1cd5d348a38d281","ecs","running"
"ecs-hako-mobile-pusher-sandbox-i-078dec83dc96ddcd1","i-078dec83dc96ddcd1","ecs","running"
"ecs-hako-mobile-pusher-sandbox-i-0bc2f20f24b9d2ff6","i-0bc2f20f24b9d2ff6","ecs","running"
"ecs-hako-production-admin-i-01652fd73f48aed27","i-01652fd73f48aed27","ecs","running"
"ecs-hako-production-admin-i-06e174aea1fe01447","i-06e174aea1fe01447","ecs","running"
"ecs-hako-production-admin-i-0b6aa0b4950164721","i-0b6aa0b4950164721","ecs","running"
"ecs-hako-production-admin-i-0d575b01ae5d2562f","i-0d575b01ae5d2562f","ecs","running"
"ecs-hako-production-batch-i-008c36c127860c203","i-008c36c127860c203","ecs","running"
"ecs-hako-production-batch-i-00aaf178e019b6c99","i-00aaf178e019b6c99","ecs","running"
"ecs-hako-production-batch-i-00ee39fdac591757c","i-00ee39fdac591757c","ecs","terminated"
"ecs-hako-production-batch-i-01316b63e1a3ace4c","i-01316b63e1a3ace4c","ecs","running"
"ecs-hako-production-batch-i-024cc386d57b0d7c8","i-024cc386d57b0d7c8","ecs","running"
"ecs-hako-production-batch-i-0311fd633a337a3f0","i-0311fd633a337a3f0","ecs","running"
"ecs-hako-production-batch-i-03b48f11fbc361c3c","i-03b48f11fbc361c3c","ecs","running"
"ecs-hako-production-batch-i-048e94b29cb9cf30b","i-048e94b29cb9cf30b","ecs","running"
"ecs-hako-production-batch-i-065a0ed49dfd8cb39","i-065a0ed49dfd8cb39","ecs","running"
"ecs-hako-production-batch-i-065b762585cbb22c4","i-065b762585cbb22c4","ecs","running"
"ecs-hako-production-batch-i-06a311d4753b09b77","i-06a311d4753b09b77","ecs","running"
"ecs-hako-production-batch-i-06ee394b7f49da968","i-06ee394b7f49da968","ecs","running"
"ecs-hako-production-batch-i-08640d920a12588fd","i-08640d920a12588fd","ecs","running"
"ecs-hako-production-batch-i-095ba0b41ff6e7922","i-095ba0b41ff6e7922","ecs","running"
"ecs-hako-production-batch-i-0a00ef6016b4c4f85","i-0a00ef6016b4c4f85","ecs","running"
"ecs-hako-production-batch-i-0a054fdd3293095a1","i-0a054fdd3293095a1","ecs","running"
"ecs-hako-production-batch-i-0c395b14681d42e0c","i-0c395b14681d42e0c","ecs","running"
"ecs-hako-production-batch-i-0dfcc44e6a64318a7","i-0dfcc44e6a64318a7","ecs","running"
"ecs-hako-production-batch-i-0e3ebf9509a34541b","i-0e3ebf9509a34541b","ecs","running"
"ecs-hako-production-batch-i-0f95675e7a4fca056","i-0f95675e7a4fca056","ecs","running"
"ecs-hako-production-g2-i-00db984b1aaff6842","i-00db984b1aaff6842","ecs","running"
"ecs-hako-production-g2-i-010a46f62ca07571b","i-010a46f62ca07571b","ecs","running"
"ecs-hako-production-g2-i-01e02e669032e162f","i-01e02e669032e162f","ecs","running"
"ecs-hako-production-g2-i-03b72590ce21f4af5","i-03b72590ce21f4af5","ecs","running"
"ecs-hako-production-g2-i-03f9b204ff1b3e6bf","i-03f9b204ff1b3e6bf","ecs","running"
"ecs-hako-production-g2-i-04ed3e7f7c561f986","i-04ed3e7f7c561f986","ecs","running"
"ecs-hako-production-g2-i-04f55214d9d70596d","i-04f55214d9d70596d","ecs","running"
"ecs-hako-production-g2-i-05f8fee77fff08ecf","i-05f8fee77fff08ecf","ecs","running"
"ecs-hako-production-g2-i-08ed681aeb18df0fc","i-08ed681aeb18df0fc","ecs","running"
"ecs-hako-production-g2-i-0a0c11f01d43d99f0","i-0a0c11f01d43d99f0","ecs","running"
"ecs-hako-production-g2-i-0a209efb886a406c8","i-0a209efb886a406c8","ecs","running"
"ecs-hako-production-g2-i-0e1c6be3deddfad54","i-0e1c6be3deddfad54","ecs","running"
"ecs-hako-production-g2-i-0f5989d51c3cb493f","i-0f5989d51c3cb493f","ecs","running"
"ecs-hako-production-i-010bdc11580c827e7","i-010bdc11580c827e7","ecs","running"
"ecs-hako-production-i-02203f4a4488b67e3","i-02203f4a4488b67e3","ecs","running"
"ecs-hako-production-i-0569c992117afdc4b","i-0569c992117afdc4b","ecs","running"
"ecs-hako-production-i-059805befe16d1b08","i-059805befe16d1b08","ecs","running"
"ecs-hako-production-i-066cd161cd83dd5bf","i-066cd161cd83dd5bf","ecs","running"
"ecs-hako-production-i-07121539df1f0b953","i-07121539df1f0b953","ecs","running"
"ecs-hako-production-i-07324135bceb4f68c","i-07324135bceb4f68c","ecs","running"
"ecs-hako-production-i-0878802c753588d17","i-0878802c753588d17","ecs","running"
"ecs-hako-production-i-08b9a4b75d75e347f","i-08b9a4b75d75e347f","ecs","running"
"ecs-hako-production-i-0931cedf728c8dcc9","i-0931cedf728c8dcc9","ecs","running"
"ecs-hako-production-i-09571e96355f7a68c","i-09571e96355f7a68c","ecs","running"
"ecs-hako-production-i-097aeb7b0929c96c2","i-097aeb7b0929c96c2","ecs","running"
"ecs-hako-production-i-0a1b78b8211e083d9","i-0a1b78b8211e083d9","ecs","running"
"ecs-hako-production-i-0c312949f6c86906b","i-0c312949f6c86906b","ecs","running"
"ecs-hako-production-i-0cfc9bd547833ef99","i-0cfc9bd547833ef99","ecs","running"
"ecs-hako-production-i-0e17e64eee3e66f4f","i-0e17e64eee3e66f4f","ecs","running"
"ecs-hako-production-i-0e9bff477a544518b","i-0e9bff477a544518b","ecs","running"
"ecs-hako-production-i-0ee21d95681b50bc0","i-0ee21d95681b50bc0","ecs","running"
"ecs-hako-redash-i-0710403a2cce9d9cc","i-0710403a2cce9d9cc","ecs","running"
"ecs-hako-redash-i-0c2b7c117be6028c6","i-0c2b7c117be6028c6","ecs","running"
"ecs-hako-redash-i-0c69376459662d8d9","i-0c69376459662d8d9","ecs","running"
"ecs-hako-test-i-0de05a3b487d6189c","i-0de05a3b487d6189c","ecs","running"
"fluentd-app-ubuntu-test-001","i-f7114478","base","stopped"
"fluentd-ecs-aggregator-001","i-068d2f4ec203b4307","fluentd-ecs-aggregator","running"
"fluentd-ecs-aggregator-002","i-0b61b3026392b6f7d","fluentd-ecs-aggregator","running"
"fproxy-financier-001","i-00b5d49cae3b1421e","fproxy-financier","running"
"fproxy-financier-002","i-0ec84eb249b841b81","fproxy-financier","running"
"fstaid-manager-001","i-03e781813d2f0321b","fstaid-manager","running"
"ghe-002","i-01d0a7738656bfca8","","running"
"informatica-agent-001","i-04092496e02763778","informatica-agent","running"
"informatica-agent-sandbox-001","i-03d20d6b425f3f4c7","informatica-agent","running"
"itkq-test-001","i-0703ddd9a554cdefd","base","stopped"
"itkq-test-002","i-04e4708a83e0a40b4","base","running"
"kvs-misc-internal-001","i-1d8e2092","kvs-misc-internal","running"
"mail-recv-dev-001","i-b9801dbf","mail-recv-dev","stopped"
"mail-up-dev-001","i-1f116318","mail-up","stopped"
"media-live-proxy-001","i-09ff44e1955e08935","media-live-proxy","running"
"mongo-misc-migration-001","i-0f4fdaece9012195d","mongo-misc","running"
"mongo-misc-migration-002","i-057ad466302c5d275","base","running"
"mongo-misc-slave-vpc-101","i-fc9eb90f","mongo-misc-slave","running"
"mongo-misc-vpc-001","i-6d70da6b","mongo-misc","running"
"mx-001","i-02bb02622a4991513","mx2","running"
"mx-002","i-08bb7378239e6a2aa","mx2","running"
"mx-career-001","i-00881d03","mx-mobile","stopped"
"mx-career-002","i-9f893a99","mx-mobile","stopped"
"mx-front-001","i-00326b1675db195fb","mx-front","running"
"mx-front-002","i-02cbcd33fc767b6d9","mx-front","running"
"mx-vpc-001","i-9bd78798","mx","running"
"mx-vpc-002","i-1f0985ea","mx","running"
"mysql-proxy-001","i-07c8921b0e1033a46","mysql-proxy","running"
"mysql-proxy-002","i-029d79c8e2db26a39","mysql-proxy","running"
"mysql-proxy-apne-001","i-0a58be2bb1f6573c7","mysql-proxy","running"
"new-grad-exam-001","i-2542493c","base","stopped"
"notification-redis-201","i-0b27535290495d55d","notification-redis","running"
"notification-redis-202","i-0ad3fb9471c343a20","notification-redis","running"
"notification-redis-203","i-0c868bdce9697e8b7","notification-redis","running"
"notification-redis-204","i-029a4893b309f6c1c","notification-redis","running"
"ozen-child-db-000","i-b45408b6","ozen-db,create-ami-ozen","stopped"
"ozen-yoshiori-001","i-368d0530","","stopped"
"page-cache-001","i-c9c1b16c","page-cache","running"
"page-cache-002","i-721ccffd","page-cache","running"
"page-cache-misc-001","i-a79f83a4","page-cache-misc","stopped"
"page-cache-misc-001","i-ebeb3019","page-cache-misc","stopped"
"page-cache-misc-002","i-b792e142","page-cache-misc","stopped"
"page-cache-misc-002","i-768f9d74","page-cache-misc","stopped"
"redis-cookpad-misc-001","i-0062f2d1a51b06417","redis-cookpad-misc","running"
"redis-cookpad-misc-002","i-005137d5bb356188b","redis-cookpad-misc","running"
"retail-tools-101","i-beb0764b","","stopped"
"rproxy-auth-101","i-ee0b724b","rproxy-auth","stopped"
"rproxy-auth-102","i-2bd108a4","rproxy-auth","stopped"
"rproxy-auth-103","i-640a73c1","rproxy-auth","stopped"
"rproxy-auth-104","i-3f19c0b0","rproxy-auth","stopped"
"rproxy-chatsu-101","i-0e3e5f8d6c8aecb14","rproxy-chatsu","running"
"rproxy-chatsu-102","i-04a5fe0fb41459c9f","rproxy-chatsu","running"
"rproxy-cookpad-001","i-0346b1b47e0fefab1","rproxy-cookpad","running"
"rproxy-cookpad-002","i-0b9b4238d48b913e6","rproxy-cookpad","running"
"rproxy-cookpad-003","i-04f755f1316676538","rproxy-cookpad","running"
"rproxy-cookpad-004","i-050f3c4995727eb5c","rproxy-cookpad","running"
"rproxy-crossregion-001","i-2d3d5388","rproxy-crossregion","running"
"rproxy-crossregion-002","i-b40dc43b","rproxy-crossregion","running"
"rproxy-crossregion-101","i-0752aec18c31fa34a","rproxy-crossregion","running"
"rproxy-crossregion-102","i-074a406974fd32bd9","rproxy-crossregion","running"
"rproxy-crossregion-sorah-002","i-b4654711","rproxy-crossregion","stopped"
"rproxy-dev-001","i-0cfca557cd43907e2","rproxy-dev","running"
"rproxy-docker-101","i-9a30e568","rproxy-docker","running"
"rproxy-docker-102","i-e59cf710","rproxy-docker","running"
"rproxy-docker-103","i-bf2bfd4d","rproxy-docker","running"
"rproxy-docker-104","i-8b9df67e","rproxy-docker","running"
"rproxy-hako-001","i-8eb34d00","rproxy-hako","running"
"rproxy-hako-002","i-d53bd14b","rproxy-hako","running"
"rproxy-hako-internal-101","i-01e37f1637aac530c","rproxy-hako-internal","running"
"rproxy-hako-internal-102","i-0326a2fb978dc1fca","rproxy-hako-internal","running"
"rproxy-misc-internal-001","i-9c97d499","rproxy-misc-internal","running"
"rproxy-misc-internal-002","i-9d97d498","rproxy-misc-internal","running"
"rproxy-misc-internal-101","i-03ac2602aae6996bd","rproxy-misc-internal","running"
"rproxy-misc-internal-101-to-be-terminated","i-0a611c8213173a79d","rproxy-misc-internal-ubuntu","stopped"
"rproxy-misc-internal-auth-101","i-bca0ee19","rproxy-misc-internal-auth","running"
"rproxy-misc-internal-auth-102","i-99b61816","rproxy-misc-internal-auth","running"
"rproxy-multi-001","i-b5a20147","rproxy-multi","stopped"
"rproxy-multi-002","i-f6601903","rproxy-multi","stopped"
"rproxy-multi-101","i-d9bcad2a","rproxy-multi","running"
"rproxy-multi-102","i-14c949e1","rproxy-multi","running"
"rproxy-multi-201","i-0552e2f3c37c93409","rproxy-multi-nginx","running"
"rproxy-multi-202","i-0c5a21f4bd70f630f","rproxy-multi-nginx","running"
"rproxy-multi-test-001","i-427b2be7","rproxy-multi","stopped"
"rproxy-pantry-401","i-00b2aca898e796ad4","rproxy-pantry","running"
"rproxy-pantry-402","i-06a3647a4b7792d60","rproxy-pantry","running"
"rproxy-pantry-403","i-06a39f24535b3ae7f","rproxy-pantry","running"
"rproxy-pantry-404","i-05863cd8c6fbe5f9b","rproxy-pantry","running"
"rproxy-papa-101","i-02d876aa51b332c5c","rproxy-papa","running"
"rproxy-pc-201","i-b102e743","rproxy","stopped"
"rproxy-pc-202","i-6176ff94","rproxy","stopped"
"rproxy-pc-203","i-4c03e6be","rproxy","stopped"
"rproxy-pc-204","i-6276ff97","rproxy","stopped"
"rproxy-pc-205","i-7903e68b","rproxy","stopped"
"rproxy-pc-206","i-6376ff96","rproxy","stopped"
"rproxy-pc-301","i-04bd4b92102238a8e","rproxy-pc","running"
"rproxy-pc-302","i-079bb37cf02c97ad4","rproxy-pc","running"
"rproxy-pc-303","i-0c21d63dc3966b094","rproxy-pc","running"
"rproxy-pc-304","i-0d0b968e392ff6b35","rproxy-pc","running"
"simproxy-pantry-001","i-0f2ef7512c7074008","simproxy-pantry","running"
"simproxy-pantry-002","i-07f3fe7cbc5ea1e26","simproxy-pantry","running"
"simproxy-pantry-003","i-03182f6a5fd7898df","simproxy-pantry","running"
"simproxy-pantry-004","i-078ca28e71ccdc1d6","simproxy-pantry","running"
"simproxy-pc-002","i-0c52a85d529b53585","simproxy-pc","running"
"simproxy-pc-003","i-053d71ca9a4134554","simproxy-pc","running"
"simproxy-pc-004","i-0cf104026f5f998eb","simproxy-pc","running"
"simproxy-pc-005","i-0651bdb4c811ca7ae","simproxy-pc","running"
"sugawara-test-apne-001","i-00d38d81cdaa7d861","base","running"
"sugawara-test-apne1-001","i-011be4d5a72a6edd7","base","running"
"syslog-receiver","i-0232620bdf1a43ddb","syslog-receiver","running"
"tableau-server-master-001","i-06c19c713e5b316c8","tableau-server-master","running"
"tableau-server-master-staging-001","i-08ba0574f352eb137","tableau-server-master-staging","running"
"tableau-server-worker-001","i-093e9bb4fea6acef4","tableau-server-worker","running"
"tableau-server-worker-002","i-0dbed79af3b1104ff","tableau-server-worker","running"
"tableau-server-worker-staging-001","i-0dd89d30ce89c37d1","tableau-server-worker-staging","running"
"tableau-server-worker-staging-002","i-03819374f8e1b4ebe","tableau-server-worker-staging","running"
"td-import-001","i-b5cfa147","base","stopped"
"vault-test-001","i-7d0c4688","vault","stopped"
"waffle-001","i-0a4b262139bdca26b","","running"
"wata-bench-001","i-08ec49f81c7db5398","base","running"
"zabbix-101","i-01f49e462ff17f056","zabbix","running"
